[{"methods":[{"deprecated":"false","description":"A function to download files through android's default download manager.","name":"DownloadFile","params":[{"name":"filename","type":"text"},{"name":"url","type":"text"},{"name":"mimeType","type":"text"},{"name":"userAgent","type":"text"},{"name":"contentDisposition","type":"text"}]},{"deprecated":"false","description":"Enable the OAuth requests made from the WebViewer","name":"EnableOAuth","params":[]},{"deprecated":"false","description":"Gets the height of the HTML content.","name":"GetContentHeight","params":[],"returnType":"number"},{"deprecated":"false","description":"Returns the User Agent String of the WebViewer.","name":"GetUserAgent","params":[],"returnType":"text"},{"deprecated":"false","description":"Show the zoom icons for the WebViewer","name":"InvokeZoomPicker","params":[]},{"deprecated":"false","description":"Reload the current page. AfterReload event is called after this block","name":"Reload","params":[]},{"deprecated":"false","description":"Set a custom User Agent for the WebViewer","name":"SetUserAgent","params":[{"name":"userAgent","type":"text"}]}],"nonVisible":"true","external":"true","helpString":"An extension that extends the features of the existing Web Viewer component <br>Created by Sivagiri Visakan & ILoveThunkable","events":[{"deprecated":"true","description":"This event fires after the Reload block","name":"AfterReload","params":[{"name":"url","type":"text"}]},{"deprecated":"false","description":"Indicates that a webpage has finished loading.","name":"OnDownloadFinished","params":[]},{"deprecated":"false","description":"Indicates that the content at the URL cannot be displayed in the Web Viewer \n and therefore needs to be downloaded to view the content. contentLength is the size in bytes","name":"OnDownloadNeeded","params":[{"name":"url","type":"text"},{"name":"mimeType","type":"text"},{"name":"userAgent","type":"text"},{"name":"contentDisposition","type":"text"},{"name":"contentLength","type":"number"}]},{"deprecated":"false","description":"Indicates that a webviewer has encountered an error while loading a webpage.","name":"OnErrorOccured","params":[{"name":"code","type":"number"},{"name":"message","type":"text"},{"name":"failingUrl","type":"text"}]},{"deprecated":"false","description":"Indicates that a webpage has finished loading.","name":"OnLoadingFinished","params":[{"name":"url","type":"text"}]},{"deprecated":"false","description":"Indicates that a webpage has started loading.","name":"OnLoadingStarted","params":[{"name":"url","type":"text"}]},{"deprecated":"false","description":"Indicates the progress of loading of a webpage.The value of \"progress\" lies between 1 and 100","name":"OnProgressChanged","params":[{"name":"progress","type":"number"}]}],"name":"ExtendedWebViewer","iconName":"http://voltscdn.weebly.com/uploads/2/0/8/1/20817010/idea.png","blockProperties":[{"deprecated":"false","description":"Shows an notification about downloading of a file in the status bar if true ","name":"ShowNotification","type":"boolean","rw":"read-write"},{"deprecated":"false","description":"Set the Web Viewer component in which all the functions will be executed .","name":"WebViewer","type":"component","rw":"read-write"}],"categoryString":"EXTENSION","properties":[{"name":"ShowNotification","defaultValue":"True","editorType":"boolean"}],"type":"com.ghostfox.moliata.ExtendedWebViewer","showOnPalette":"true","version":"2"}]