[{"methods":[{"deprecated":"false","description":"Creates a picker dialog with a list of options of which more than one can be chosen. Invokes the 'AfterMultiSelection' event.","name":"CheckboxListPicker","params":[{"name":"title","type":"text"},{"name":"options","type":"list"},{"name":"buttonText","type":"text"},{"name":"cancelButtonText","type":"text"},{"name":"cancelable","type":"boolean"},{"name":"icon","type":"text"},{"name":"hasIcon","type":"boolean"},{"name":"fullscreen","type":"boolean"}]},{"deprecated":"false","description":"Dismiss a previously displayed dialog.","name":"DismissProgressDialog","params":[]},{"deprecated":"false","description":"Creates a picker dialog with a list of options of which only one can be chosen.","name":"RadioListPicker","params":[{"name":"title","type":"text"},{"name":"options","type":"list"},{"name":"chooseButtonText","type":"text"},{"name":"cancelable","type":"boolean"},{"name":"cancelButtonText","type":"text"},{"name":"selection","type":"number"},{"name":"icon","type":"text"},{"name":"hasIcon","type":"boolean"},{"name":"fullscreen","type":"boolean"}]},{"deprecated":"false","description":"Displays a lightbox","name":"ShowLightbox","params":[{"name":"imagePath","type":"text"}]},{"deprecated":"false","description":"Shows a progress dialog with a horizontal progress bar. Can be dismissed by user if 'dismissable' is set to true. If indeterminate is true, maxValue and the 'UpdateProgres' method will have no effect.","name":"ShowLinearProgress","params":[{"name":"message","type":"text"},{"name":"title","type":"text"},{"name":"dismissable","type":"boolean"},{"name":"indeterminate","type":"boolean"},{"name":"maxValue","type":"number"}]},{"deprecated":"false","description":"Shows a list picker","name":"ShowListPicker","params":[{"name":"title","type":"text"},{"name":"itemsList","type":"list"},{"name":"fullscreen","type":"boolean"}]},{"deprecated":"false","description":"Displays a simple message on the screen.","name":"ShowMessageDialog","params":[{"name":"title","type":"text"},{"name":"message","type":"text"},{"name":"chooseButtonText","type":"text"},{"name":"cancelButtonText","type":"text"},{"name":"icon","type":"text"},{"name":"hasIcon","type":"boolean"},{"name":"fullscreen","type":"boolean"}]},{"deprecated":"false","description":"Shows a spinning progress dialog which can be dismissed by the user if 'dismissable' is set to true.","name":"ShowSpinningProgress","params":[{"name":"message","type":"text"},{"name":"title","type":"text"},{"name":"dismissable","type":"boolean"}]},{"deprecated":"false","description":"Show a text input dialog","name":"ShowTextInputDialog","params":[{"name":"title","type":"text"},{"name":"defaultText","type":"text"},{"name":"hint","type":"text"},{"name":"fullscreen","type":"boolean"},{"name":"cancelable","type":"boolean"},{"name":"inputType","type":"number"},{"name":"buttonText","type":"text"},{"name":"cancelButtonText","type":"text"},{"name":"textColour","type":"text"},{"name":"hintColour","type":"text"}]},{"deprecated":"false","description":"Toasts a message on the screen.","name":"ShowToast","params":[{"name":"message","type":"text"}]},{"deprecated":"false","description":"Sets the current value of the linear progress dialog. Has no effect if 'indeterminate' is set to true.","name":"UpdateProgress","params":[{"name":"value","type":"number"}]}],"nonVisible":"true","events":[{"deprecated":"false","description":"Invoked after user has finished selecting items from the Checkbox picker. Returns a list of indices of the selected items in the order of selection. Returns a list having -1 if cancel was pressed.","name":"AfterCheckboxSelection","params":[{"name":"selection","type":"list"}]},{"deprecated":"false","description":"Event for AfterImageClosed","name":"AfterImageClosed","params":[]},{"deprecated":"false","description":"Event for AfterListPick","name":"AfterListPick","params":[{"name":"item","type":"text"}]},{"deprecated":"false","description":"Event invoked when user has chosen from the message dialog. Returns the text of the chosen button","name":"AfterMessageSelection","params":[{"name":"selection","type":"text"}]},{"deprecated":"false","description":"Event invoked when user has selected an option from the radio button picker. Outputs the index of the selected item. Returns -1 if cancel was pressed.","name":"AfterRadioSelection","params":[{"name":"listIndex","type":"number"}]},{"deprecated":"false","description":"Event raised after the user has responded to ShowTextDialog.","name":"AfterTextInput","params":[{"name":"response","type":"text"}]}],"external":"true","helpString":"An extension to show dialogs and pickers. Jointly created by Vishwas Adiga and NMD (www.nmd-apps.jimdo.com/) and licensed under the Creative Commons Attribution-ShareAlike 4.0 Unported License.","properties":[{"name":"LightTheme","defaultValue":"false","editorType":"boolean"}],"type":"com.vishwas.Dialogs","showOnPalette":"true","version":"5","name":"Dialogs","iconName":"https://firebasestorage.googleapis.com/v0/b/extensions-3caad.appspot.com/o/Dialog.png?alt=media&token=caf8ec0d-a1bd-4615-90f1-3521a30c9be1","blockProperties":[{"deprecated":"false","description":"Gets the current theme","name":"LightTheme","type":"boolean","rw":"read-write"}],"categoryString":"EXTENSION"}]